epoch,monotonic_s,sta_tx_bytes,sta_rx_bytes,sta_tx_packets,sta_rx_packets,sta_tx_retries,sta_tx_failed,signal_dbm,wifi_tx_bytes,wifi_rx_bytes,wifi_tx_packets,wifi_rx_packets,wifi_tx_dropped,wifi_rx_dropped,wifi_tx_errors,wifi_rx_errors,wan_rx_bytes,wan_tx_bytes,wan_rx_packets,wan_tx_packets,wan_rx_dropped,wan_tx_dropped,wan_rx_errors,wan_tx_errors
1787640054,211.21,236864,152160,1534,664,258,258,-69,236864,152160,767,664,258,144,258,144,0,0,0,0,0,0,0,0
1787640055,212.30,236864,152160,1534,664,258,258,-69,236864,152160,767,664,258,144,258,144,0,0,0,0,0,0,0,0
1787640056,213.39,236864,152160,1534,664,258,258,-69,236864,152160,767,664,258,144,258,144,0,0,0,0,0,0,0,0
1787640057,214.49,236864,152320,1534,667,258,258,-69,236864,152320,767,667,258,146,258,146,0,0,0,0,0,0,0,0
1787640058,215.59,236864,152320,1534,667,258,258,-69,236864,152320,767,667,258,146,258,146,0,0,0,0,0,0,0,0
1787640059,216.69,236864,152320,1534,667,258,258,-69,236864,152320,767,667,258,146,258,146,0,0,0,0,0,0,0,0
1787640060,217.79,236864,152320,1534,667,258,258,-69,236864,152320,767,667,258,146,258,146,0,0,0,0,0,0,0,0
1787640062,218.89,236864,152320,1534,667,258,258,-69,236864,152320,767,667,258,146,258,146,0,0,0,0,0,0,0,0
1787640063,219.99,236864,152320,1534,667,258,258,-69,236864,152320,767,667,258,146,258,146,0,0,0,0,0,0,0,0
1787640064,221.10,236864,152320,1534,667,258,258,-69,236864,152320,767,667,258,146,258,146,0,0,0,0,0,0,0,0
1787640065,222.21,236864,152320,1534,667,258,258,-69,236864,152320,767,667,258,146,258,146,0,0,0,0,0,0,0,0
1787640066,223.31,236864,152320,1534,667,258,258,-69,236864,152320,767,667,258,146,258,146,0,0,0,0,0,0,0,0
1787640067,224.40,236864,152320,1534,667,258,258,-69,236864,152320,767,667,258,146,258,146,0,0,0,0,0,0,0,0
1787640068,225.50,236864,152320,1534,667,258,258,-69,236864,152320,767,667,258,146,258,146,0,0,0,0,0,0,0,0
1787640069,226.61,239488,155392,1586,684,277,277,-70,239488,155392,793,684,277,162,277,162,0,0,0,0,0,0,0,0
1787640070,227.71,240064,158336,1600,701,279,279,-71,240064,158336,800,701,279,172,279,172,0,0,0,0,0,0,0,0
1787640071,228.81,240064,158368,1600,702,279,279,-71,240064,158368,800,702,279,172,279,172,0,0,0,0,0,0,0,0
1787640073,229.91,240064,158368,1600,702,279,279,-71,240064,158368,800,702,279,172,279,172,0,0,0,0,0,0,0,0
1787640074,231.01,240064,158368,1602,702,279,279,-71,240064,158368,801,702,279,174,279,174,0,0,0,0,0,0,0,0
1787640075,232.11,240128,158496,1602,705,279,279,-72,240128,158496,801,705,279,174,279,174,0,0,0,0,0,0,0,0
1787640076,233.21,240128,158496,1602,705,279,279,-72,240128,158496,801,705,279,174,279,174,0,0,0,0,0,0,0,0
1787640077,234.32,240128,158496,1602,705,279,279,-72,240128,158496,801,705,279,174,279,174,0,0,0,0,0,0,0,0
1787640078,235.43,240128,158496,1602,705,279,279,-72,240128,158496,801,705,279,174,279,174,0,0,0,0,0,0,0,0
1787640079,236.54,240128,158496,1602,705,279,279,-72,240128,158496,801,705,279,174,279,174,0,0,0,0,0,0,0,0
1787640080,237.65,240128,158496,1602,705,279,279,-72,240128,158496,801,705,279,174,279,174,0,0,0,0,0,0,0,0
1787640081,238.75,240128,158496,1602,705,279,279,-72,240128,158496,801,705,279,174,279,174,0,0,0,0,0,0,0,0
1787640083,239.85,240128,158496,1602,705,279,279,-72,240128,158496,801,705,279,174,279,174,0,0,0,0,0,0,0,0
1787640084,240.95,240128,158496,1602,705,279,279,-72,240128,158496,801,705,279,174,279,174,0,0,0,0,0,0,0,0
1787640085,242.05,240128,158496,1602,705,279,279,-72,240128,158496,801,705,279,174,279,174,0,0,0,0,0,0,0,0
1787640086,243.15,240128,158496,1602,705,279,279,-72,240128,158496,801,705,279,174,279,174,0,0,0,0,0,0,0,0
1787640087,244.25,240128,158496,1602,705,279,279,-72,240128,158496,801,705,279,174,279,174,0,0,0,0,0,0,0,0
1787640088,245.35,240128,158496,1602,705,279,279,-72,240128,158496,801,705,279,174,279,174,0,0,0,0,0,0,0,0
1787640089,246.45,240128,158496,1602,705,279,279,-72,240128,158496,801,705,279,174,279,174,0,0,0,0,0,0,0,0
1787640090,247.55,240128,158496,1602,705,279,279,-72,240128,158496,801,705,279,174,279,174,0,0,0,0,0,0,0,0
1787640091,248.65,240128,158496,1602,705,279,279,-72,240128,158496,801,705,279,174,279,174,0,0,0,0,0,0,0,0
1787640092,249.75,240128,158496,1602,705,279,279,-72,240128,158496,801,705,279,174,279,174,0,0,0,0,0,0,0,0
1787640094,250.85,240128,158496,1602,705,279,279,-72,240128,158496,801,705,279,174,279,174,0,0,0,0,0,0,0,0
1787640095,251.95,240128,158496,1602,705,279,279,-72,240128,158496,801,705,279,174,279,174,0,0,0,0,0,0,0,0
1787640096,253.05,240128,158496,1602,705,279,279,-72,240128,158496,801,705,279,174,279,174,0,0,0,0,0,0,0,0
1787640097,254.14,240128,158496,1602,705,279,279,-72,240128,158496,801,705,279,174,279,174,0,0,0,0,0,0,0,0
1787640098,255.24,240128,158496,1602,705,279,279,-72,240128,158496,801,705,279,174,279,174,0,0,0,0,0,0,0,0
1787640099,256.35,240128,159584,1602,719,279,279,-72,240128,159584,801,719,279,178,279,178,0,0,0,0,0,0,0,0
1787640100,257.45,240128,159584,1602,719,279,279,-72,240128,159584,801,719,279,178,279,178,0,0,0,0,0,0,0,0
1787640101,258.55,240128,159584,1602,719,279,279,-72,240128,159584,801,719,279,178,279,178,0,0,0,0,0,0,0,0
1787640102,259.65,240128,159584,1602,719,279,279,-72,240128,159584,801,719,279,178,279,178,0,0,0,0,0,0,0,0
1787640103,260.75,240128,159584,1684,719,316,316,-72,240128,159584,842,719,316,184,316,184,0,0,0,0,0,0,0,0
1787640105,261.85,242144,162656,1696,741,316,316,-76,242144,162656,848,741,316,189,316,189,0,0,0,0,0,0,0,0
1787640106,262.94,242144,162656,1696,741,316,316,-76,242144,162656,848,741,316,189,316,189,0,0,0,0,0,0,0,0
1787640107,264.04,242144,162656,1696,741,316,316,-76,242144,162656,848,741,316,189,316,189,0,0,0,0,0,0,0,0
1787640108,265.15,242144,162656,1696,741,316,316,-76,242144,162656,848,741,316,189,316,189,0,0,0,0,0,0,0,0
1787640109,266.26,242240,162816,1724,744,328,328,-76,242240,162816,862,744,328,193,328,193,0,0,0,0,0,0,0,0
1787640110,267.37,242336,162976,1724,747,328,328,-76,242336,162976,862,747,328,193,328,193,0,0,0,0,0,0,0,0
1787640111,268.46,242336,162976,1724,747,328,328,-76,242336,162976,862,747,328,193,328,193,0,0,0,0,0,0,0,0
1787640112,269.57,242336,162976,1724,747,328,328,-76,242336,162976,862,747,328,193,328,193,0,0,0,0,0,0,0,0
1787640113,270.67,242336,162976,1724,747,328,328,-76,242336,162976,862,747,328,193,328,193,0,0,0,0,0,0,0,0
1787640114,271.76,242336,162976,1724,747,328,328,-76,242336,162976,862,747,328,193,328,193,0,0,0,0,0,0,0,0
1787640116,272.86,242336,162976,1724,747,328,328,-76,242336,162976,862,747,328,193,328,193,0,0,0,0,0,0,0,0
1787640117,273.96,242336,162976,1724,747,328,328,-76,242336,162976,862,747,328,193,328,193,0,0,0,0,0,0,0,0
1787640118,275.06,242336,162976,1724,747,328,328,-76,242336,162976,862,747,328,193,328,193,0,0,0,0,0,0,0,0
1787640119,276.16,242336,162976,1724,747,328,328,-76,242336,162976,862,747,328,193,328,193,0,0,0,0,0,0,0,0
1787640120,277.26,242336,162976,1724,747,328,328,-76,242336,162976,862,747,328,193,328,193,0,0,0,0,0,0,0,0
1787640121,278.37,242336,162976,1724,747,328,328,-76,242336,162976,862,747,328,193,328,193,0,0,0,0,0,0,0,0
1787640122,279.48,242336,162976,1724,747,328,328,-76,242336,162976,862,747,328,193,328,193,0,0,0,0,0,0,0,0
1787640123,280.57,242336,162976,1724,747,328,328,-76,242336,162976,862,747,328,193,328,193,0,0,0,0,0,0,0,0
1787640124,281.68,242336,162976,1724,747,328,328,-76,242336,162976,862,747,328,193,328,193,0,0,0,0,0,0,0,0
1787640125,282.78,244320,165440,1746,762,328,328,-76,244320,165440,873,762,328,200,328,200,0,0,0,0,0,0,0,0
1787640127,283.88,244320,165440,1746,762,328,328,-76,244320,165440,873,762,328,200,328,200,0,0,0,0,0,0,0,0
1787640128,284.98,244320,165440,1746,762,328,328,-76,244320,165440,873,762,328,200,328,200,0,0,0,0,0,0,0,0
1787640129,286.08,244320,165440,1746,762,328,328,-76,244320,165440,873,762,328,200,328,200,0,0,0,0,0,0,0,0
1787640130,287.19,244320,165440,1746,762,328,328,-76,244320,165440,873,762,328,200,328,200,0,0,0,0,0,0,0,0
1787640131,288.30,244320,165440,1748,762,328,328,-76,244384,165568,874,765,328,202,328,202,0,0,0,0,0,0,0,0
1787640132,289.41,244384,165568,1748,765,328,328,-76,244384,165568,874,765,328,202,328,202,0,0,0,0,0,0,0,0
1787640133,290.50,244384,165568,1748,765,328,328,-76,244384,165568,874,765,328,202,328,202,0,0,0,0,0,0,0,0
1787640134,291.60,244384,165568,1748,765,328,328,-76,244384,165568,874,765,328,202,328,202,0,0,0,0,0,0,0,0
1787640135,292.71,244384,165568,1748,765,328,328,-76,244384,165568,874,765,328,202,328,202,0,0,0,0,0,0,0,0
1787640137,293.81,244384,165568,1748,765,328,328,-76,244384,165568,874,765,328,202,328,202,0,0,0,0,0,0,0,0
1787640138,294.91,244384,165568,1748,765,328,328,-76,244384,165568,874,765,328,202,328,202,0,0,0,0,0,0,0,0
1787640139,296.01,244384,165568,1748,765,328,328,-76,244384,165568,874,765,328,202,328,202,0,0,0,0,0,0,0,0
1787640140,297.12,244384,165568,1748,765,328,328,-76,244384,165568,874,765,328,202,328,202,0,0,0,0,0,0,0,0
1787640141,298.22,244384,165568,1748,765,328,328,-76,244384,165568,874,765,328,202,328,202,0,0,0,0,0,0,0,0
1787640142,299.32,244384,165568,1748,765,328,328,-76,244384,165568,874,765,328,202,328,202,0,0,0,0,0,0,0,0
1787640143,300.42,244384,165568,1748,765,328,328,-76,244384,165568,874,765,328,202,328,202,0,0,0,0,0,0,0,0
1787640144,301.52,244384,165568,1748,765,328,328,-76,244384,165568,874,765,328,202,328,202,0,0,0,0,0,0,0,0
1787640145,302.62,244384,165568,1748,765,328,328,-76,244384,165568,874,765,328,202,328,202,0,0,0,0,0,0,0,0
1787640146,303.72,244384,165568,1748,765,328,328,-76,244384,165568,874,765,328,202,328,202,0,0,0,0,0,0,0,0
1787640148,304.82,244384,165568,1748,765,328,328,-76,244384,165568,874,765,328,202,328,202,0,0,0,0,0,0,0,0
1787640149,305.92,244384,165568,1748,765,328,328,-76,244384,165568,874,765,328,202,328,202,0,0,0,0,0,0,0,0
1787640150,307.03,244384,165568,1748,765,328,328,-76,244384,165568,874,765,328,202,328,202,0,0,0,0,0,0,0,0
1787640151,308.13,244384,165568,1748,765,328,328,-76,244384,165568,874,765,328,202,328,202,0,0,0,0,0,0,0,0
1787640152,309.23,244384,165568,1748,765,328,328,-76,244384,165568,874,765,328,202,328,202,0,0,0,0,0,0,0,0
1787640153,310.33,244384,165568,1748,765,328,328,-76,244384,165568,874,765,328,202,328,202,0,0,0,0,0,0,0,0
1787640154,311.42,244384,165568,1748,765,328,328,-76,244384,165568,874,765,328,202,328,202,0,0,0,0,0,0,0,0
1787640155,312.52,244384,165568,1748,765,328,328,-76,244384,165568,874,765,328,202,328,202,0,0,0,0,0,0,0,0
1787640156,313.63,244384,165568,1748,765,328,328,-76,244384,165568,874,765,328,202,328,202,0,0,0,0,0,0,0,0
1787640157,314.74,244384,165568,1748,765,328,328,-76,244384,165568,874,765,328,202,328,202,0,0,0,0,0,0,0,0
1787640159,315.85,244384,165568,1748,765,328,328,-76,244384,165568,874,765,328,202,328,202,0,0,0,0,0,0,0,0
1787640160,316.95,244384,165568,1748,765,328,328,-76,244384,165568,874,765,328,202,328,202,0,0,0,0,0,0,0,0
1787640161,318.05,244384,165568,1748,765,328,328,-76,244384,165568,874,765,328,202,328,202,0,0,0,0,0,0,0,0
1787640162,319.15,244384,165568,1748,765,328,328,-76,244384,165568,874,765,328,202,328,202,0,0,0,0,0,0,0,0
1787640163,320.25,244384,165568,1748,765,328,328,-76,244384,165568,874,765,328,202,328,202,0,0,0,0,0,0,0,0
1787640164,321.35,244384,165568,1748,765,328,328,-76,244384,165568,874,765,328,202,328,202,0,0,0,0,0,0,0,0
1787640165,322.45,244384,165568,1748,765,328,328,-76,244384,165568,874,765,328,202,328,202,0,0,0,0,0,0,0,0
1787640166,323.55,244384,165568,1748,765,328,328,-76,244384,165568,874,765,328,202,328,202,0,0,0,0,0,0,0,0
1787640167,324.65,244384,165568,1748,765,328,328,-76,244384,165568,874,765,328,202,328,202,0,0,0,0,0,0,0,0
1787640168,325.75,244384,165568,1748,765,328,328,-76,244384,165568,874,765,328,202,328,202,0,0,0,0,0,0,0,0
1787640170,326.85,244384,165568,1774,765,334,334,-76,244384,165568,887,765,334,210,334,210,0,0,0,0,0,0,0,0
1787640171,327.95,245408,167840,1774,780,334,334,-74,245408,167840,887,780,334,210,334,210,0,0,0,0,0,0,0,0
1787640172,329.05,245408,167840,1774,780,334,334,-74,245408,167840,887,780,334,210,334,210,0,0,0,0,0,0,0,0
1787640173,330.15,245408,167840,1774,780,334,334,-74,245408,167840,887,780,334,210,334,210,0,0,0,0,0,0,0,0
1787640174,331.25,245408,167840,1774,780,334,334,-74,245408,167840,887,780,334,210,334,210,0,0,0,0,0,0,0,0
1787640175,332.34,245504,168000,1776,783,334,334,-73,245504,168000,888,783,334,212,334,212,0,0,0,0,0,0,0,0
1787640176,333.44,245504,168000,1776,783,334,334,-73,245504,168000,888,783,334,212,334,212,0,0,0,0,0,0,0,0
1787640177,334.54,245504,168000,1776,783,334,334,-73,245504,168000,888,783,334,212,334,212,0,0,0,0,0,0,0,0
1787640178,335.65,245504,168000,1776,783,334,334,-73,245504,168000,888,783,334,212,334,212,0,0,0,0,0,0,0,0
1787640179,336.75,245504,168000,1776,783,334,334,-73,245504,168000,888,783,334,212,334,212,0,0,0,0,0,0,0,0
1787640181,337.85,245504,168000,1776,783,334,334,-73,245504,168000,888,783,334,212,334,212,0,0,0,0,0,0,0,0
1787640182,338.95,245504,168000,1776,783,334,334,-73,245504,168000,888,783,334,212,334,212,0,0,0,0,0,0,0,0
1787640183,340.06,245504,168000,1848,783,367,367,-73,245504,168000,924,783,367,218,367,218,0,0,0,0,0,0,0,0
1787640184,341.16,251744,168544,1856,792,369,369,-73,251744,168544,928,792,369,218,369,218,0,0,0,0,0,0,0,0
1787640185,342.26,253120,168544,1910,792,394,394,-76,253120,168544,955,792,394,227,394,227,0,0,0,0,0,0,0,0
1787640186,343.35,254752,174304,1936,814,404,404,-78,254752,174304,968,814,404,230,404,230,0,0,0,0,0,0,0,0
1787640187,344.45,254752,174304,1936,814,404,404,-78,254752,174304,968,814,404,230,404,230,0,0,0,0,0,0,0,0
1787640188,345.55,254752,174304,2046,814,448,448,-78,254752,174304,1023,814,448,241,448,241,0,0,0,0,0,0,0,0
1787640189,346.65,266368,180160,2492,860,660,660,-81,266368,180160,1246,860,660,266,660,266,0,0,0,0,0,0,0,0
1787640190,347.76,275744,182432,2492,884,660,660,-81,275744,182432,1246,884,660,267,660,267,0,0,0,0,0,0,0,0
1787640192,348.86,275744,182432,2492,884,660,660,-81,275744,182432,1246,884,660,267,660,267,0,0,0,0,0,0,0,0
1787640193,349.96,276032,183232,2498,904,660,660,-82,276032,183232,1249,904,660,283,660,283,0,0,0,0,0,0,0,0
1787640194,351.06,276032,183232,2498,904,660,660,-82,276032,183232,1249,904,660,283,660,283,0,0,0,0,0,0,0,0
1787640195,352.17,276032,183232,2498,904,660,660,-82,276032,183232,1249,904,660,283,660,283,0,0,0,0,0,0,0,0
1787640196,353.27,276032,183232,2498,904,660,660,-82,276032,183232,1249,904,660,283,660,283,0,0,0,0,0,0,0,0
1787640197,354.37,276032,183232,2498,904,660,660,-82,276032,183232,1249,904,660,283,660,283,0,0,0,0,0,0,0,0
1787640198,355.47,276032,184288,2798,912,810,810,-83,276032,184288,1399,912,810,291,810,291,0,0,0,0,0,0,0,0
1787640199,356.57,276032,184512,2798,919,810,810,-83,276032,184512,1399,919,810,291,810,291,0,0,0,0,0,0,0,0
1787640200,357.68,276032,184512,2798,919,810,810,-83,276032,184512,1399,919,810,291,810,291,0,0,0,0,0,0,0,0
1787640201,358.78,276032,184544,2798,920,810,810,-83,276032,184544,1399,920,810,292,810,292,0,0,0,0,0,0,0,0
1787640203,359.89,276032,184544,2798,920,810,810,-83,276032,184544,1399,920,810,292,810,292,0,0,0,0,0,0,0,0
1787640204,360.98,276032,184544,2798,920,810,810,-83,276032,184544,1399,920,810,292,810,292,0,0,0,0,0,0,0,0
1787640205,362.08,276032,184544,2820,920,818,818,-84,276032,184544,1410,920,818,296,818,296,0,0,0,0,0,0,0,0
1787640206,363.17,276704,184672,2820,925,818,818,-84,276704,184672,1410,925,818,296,818,296,0,0,0,0,0,0,0,0
1787640207,364.27,276704,184672,3482,925,1127,1127,-87,276704,184672,1755,925,1140,298,1140,298,0,0,0,0,0,0,0,0
1787640208,365.37,305184,187008,3540,944,1155,1155,-86,305184,187008,1770,944,1155,301,1155,301,0,0,0,0,0,0,0,0
1787640209,366.47,310368,187840,3556,956,1159,1159,-85,310368,187840,1778,956,1159,319,1159,319,0,0,0,0,0,0,0,0
1787640210,367.57,310368,188288,3556,970,1159,1159,-85,310368,188288,1778,970,1159,319,1159,319,0,0,0,0,0,0,0,0
1787640211,368.67,310368,188288,3556,970,1159,1159,-85,310368,188288,1778,970,1159,319,1159,319,0,0,0,0,0,0,0,0
1787640212,369.78,310368,188288,3556,970,1159,1159,-85,310368,188288,1778,970,1159,319,1159,319,0,0,0,0,0,0,0,0
1787640214,370.88,310368,188288,3556,970,1159,1159,-85,310368,188288,1778,970,1159,319,1159,319,0,0,0,0,0,0,0,0
1787640215,371.98,310368,188288,3556,970,1159,1159,-85,310368,188288,1778,970,1159,319,1159,319,0,0,0,0,0,0,0,0
1787640216,373.07,310368,188288,3556,970,1159,1159,-85,310368,188288,1778,970,1159,319,1159,319,0,0,0,0,0,0,0,0
1787640217,374.18,310368,188288,3556,970,1159,1159,-85,310368,188288,1778,970,1159,319,1159,319,0,0,0,0,0,0,0,0
1787640218,375.28,310368,188288,3556,970,1159,1159,-85,310368,188288,1778,970,1159,319,1159,319,0,0,0,0,0,0,0,0
1787640219,376.38,310368,188288,3556,970,1159,1159,-85,310368,188288,1778,970,1159,319,1159,319,0,0,0,0,0,0,0,0
1787640220,377.48,310368,188288,3556,970,1159,1159,-85,310368,188288,1778,970,1159,319,1159,319,0,0,0,0,0,0,0,0
1787640221,378.58,310368,188288,3556,970,1159,1159,-85,310368,188288,1778,970,1159,319,1159,319,0,0,0,0,0,0,0,0
1787640222,379.68,310368,188288,3556,970,1159,1159,-85,310368,188288,1778,970,1159,319,1159,319,0,0,0,0,0,0,0,0
1787640223,380.78,310368,188288,3556,970,1159,1159,-85,310368,188288,1778,970,1159,319,1159,319,0,0,0,0,0,0,0,0
1787640225,381.89,310368,188288,3556,970,1159,1159,-85,310368,188288,1778,970,1159,319,1159,319,0,0,0,0,0,0,0,0
1787640226,382.99,310368,188288,3556,970,1159,1159,-85,310368,188288,1778,970,1159,319,1159,319,0,0,0,0,0,0,0,0
1787640227,384.09,310368,188288,3556,970,1159,1159,-85,310368,188288,1778,970,1159,319,1159,319,0,0,0,0,0,0,0,0
1787640228,385.19,310368,188288,3556,970,1159,1159,-85,310368,188288,1778,970,1159,319,1159,319,0,0,0,0,0,0,0,0
1787640229,386.26,310368,188288,3556,970,1159,1159,-85,310368,188288,1778,970,1159,319,1159,319,0,0,0,0,0,0,0,0
1787640230,387.34,310368,188288,3556,970,1159,1159,-85,310368,188288,1778,970,1159,319,1159,319,0,0,0,0,0,0,0,0
1787640231,388.41,310368,188288,3556,970,1159,1159,-85,310368,188288,1778,970,1159,319,1159,319,0,0,0,0,0,0,0,0
1787640232,389.49,310368,188288,3556,970,1159,1159,-85,310368,188288,1778,970,1159,319,1159,319,0,0,0,0,0,0,0,0
1787640233,390.56,310368,188288,3556,970,1159,1159,-85,310368,188288,1778,970,1159,319,1159,319,0,0,0,0,0,0,0,0
